Movie Name,South Korea,Russia/CIS,Thailand,France,Spain,Germany,Italy,Belgium,Netherlands,Poland,Israel,United Arab Emirates,Switzerland,Norway,South Africa,Austria,Czech Republic,Denmark,Sweden,Romania,Greece,Portugal,Hungary,Finland,Estonia,Ukraine,Türkiye,Lithuania,Slovakia,Latvia,Bulgaria,Serbia and Montenegro,Slovenia,United Kingdom,Iceland,Croatia,Cyprus,Brazil,Mexico,Argentina,Colombia,Ecuador,Peru,Chile,Bolivia,Uruguay,Costa Rica,Panama,Nicaragua,Paraguay,Honduras,Australia,New Zealand,Vietnam,Malaysia,Singapore,China,Kuwait,Qatar,Lebanon,Bahrain,Jordan,Oman,Egypt,Venezuela,Trinidad & Tobago,Japan,Taiwan,Hong Kong,Philippines,India,Indonesia,Domestic,Nigeria,Kenya,Ghana,Jamaica,Dominican Republic,Aruba,Pakistan,Mongolia
What Happened to Monday (2017),"$7,022,506","$1,291,601","$1,088,074",,,,,,,,,,,,,,,,,,,,,,,,,,,,,,,,,,,,,,,,,,,,,,,,,,,,,,,,,,,,,,,,,,,,,,,,,,,,,,
Son of Bigfoot (2017),"$1,998,502","$2,263,289","$29,739","$4,874,133","$3,596,214","$2,340,271","$1,917,669","$1,913,716","$1,556,717","$1,380,725","$1,316,770","$925,044","$924,029","$803,948","$738,710","$665,619","$506,284","$446,470","$439,823","$403,456","$379,070","$370,842","$324,486","$304,744","$295,583","$287,958","$280,988","$260,831","$250,958","$225,514","$188,827","$149,323","$100,185","$80,685","$67,241","$49,915","$37,200","$1,341,794","$598,598","$284,341","$261,073","$217,740","$212,265","$139,946","$90,704","$52,148","$48,175","$45,455","$17,716","$13,598","$9,517","$552,097","$226,716","$200,631","$177,113","$118,650","$8,473,259",,,,,,,,,,,,,,,,,,,,,,,,
On Body and Soul (2017),"$69,145","$62,841",,"$340,561","$86,662",,"$213,160",,"$238,529",,,,,"$30,488",,,"$4,125",,,"$57,526","$268,333","$10,615","$659,522","$15,495",,,"$18,955","$11,339","$3,296",,"$8,597",,,"$12,196","$1,290",,,,,,,,,,,,,,,,,"$19,959",,,,,,,,,,,,,,,,,,,,,,,,,,,,,
Atomic Blonde (2017),"$1,106,519","$3,342,666","$393,056","$3,763,161","$2,208,022","$2,820,926","$2,210,566","$491,679","$1,461,761","$877,593","$300,753","$696,104","$761,316","$340,215","$400,420","$383,451","$122,906","$245,100","$387,081","$514,775","$262,046","$563,766","$165,587","$174,480","$96,281","$561,254","$690,192","$50,430","$59,545","$46,824","$101,331","$85,970","$39,470","$5,103,126","$70,980","$174,775","$16,334","$1,875,671","$2,991,034","$296,058","$334,518","$113,955","$253,783","$138,583","$36,948","$25,812",,,,"$10,443",,"$3,885,754","$429,848","$292,983","$356,276","$169,776",,"$198,445","$146,908","$120,298","$92,926","$46,422","$45,385","$32,377","$92,987","$86,286","$2,376,100","$532,818","$492,906","$380,689","$204,025","$180,397",,,,,,,,,
Dunkirk (2017),"$22,949,201","$5,400,000","$1,438,979","$21,500,000","$10,600,000","$7,700,000","$9,935,722",,"$8,100,000","$3,732,372",,"$3,053,017","$3,000,000","$2,816,515","$825,513",,"$1,680,104",,,"$802,309","$1,552,150","$1,147,203","$1,027,191","$1,621,326",,"$774,013","$1,400,000","$328,726","$614,051",,"$195,451",,"$152,794","$74,366,509","$343,639",,,"$4,600,000","$5,800,000","$2,016,819","$1,247,748",,,,"$160,464","$135,650",,,,"$78,025",,"$18,500,000","$4,202,545",,,,"$50,970,494",,,,,,,,,,"$14,800,000","$3,700,000","$3,400,000",,"$3,144,854","$2,800,000","$189,740,665",,,,,,,,
Once Upon a Time in Venice (2017),"$47,010","$194,548",,,,,,,,,,,,,,,,,,,,,,,,,,,,,,,,,,,,,,,,,,,,,,,,,,,,,,,,,,,,,,,,,,,,,,,,,,,,,,,
Confidential Assignment (2017),"$55,481,157",,"$2,907",,,,,,,,,,,,,,,,,,,,,,,,,,,,,,,,,,,,,,,,,,,,,,,,,,"$12,559",,,,,,,,,,,,,,,,,,,,,,,,,,,,
Vanishing Time: A Boy Who Returned (2016),"$3,268,916",,,,,,,,,,,,,,,,,,,,,,,,,,,,,,,,,$406,,,,,,,,,,,,,,,,,,,"$1,436",,,,,,,,,,,,,,,,,,,,,,,,,,,,
Yu-Gi-Oh!: The Dark Side of Dimensions (2016),"$212,330",,"$14,552",,,,"$217,369",,,,,"$13,851",,,,,,,,,,,,,,,,,,,,,,"$140,819",,,,,,,,,,,,,,,,,,,"$16,661",,,,,,,,,,,,,,"$5,814,265",,,,,,,,,,,,,,
Transformers: The Last Knight (2017),"$19,243,751","$15,890,358","$4,909,670","$10,986,587","$3,971,313","$15,415,894","$5,454,342","$1,539,767","$2,196,812","$3,045,986","$456,756","$2,994,238","$1,216,556","$1,029,050","$1,580,482","$1,694,000","$36,984","$1,033,786","$1,796,328","$843,338","$321,120","$839,170","$849,565","$539,333",,"$1,630,808","$2,808,452","$178,688","$303,217",,"$332,048",,"$74,730","$12,191,514","$114,431",,,"$13,704,332","$15,334,443","$5,457,359","$4,031,824",,"$4,219,602","$2,662,845","$892,363","$114,260",,"$4,318,242",,"$212,599",,"$9,171,848","$1,705,534",,"$8,010,315","$4,444,479","$228,842,508",,,,,,,,"$601,576",,"$15,690,606","$7,138,047","$4,990,590","$5,646,985","$4,865,527","$11,712,577",,,,,,,,,
A Woman's Life (2016),"$18,621",,,"$674,736","$22,192",,"$21,521",,"$47,611",,,,,,,,,,,,,"$13,119",,,,,,,,,,,,"$15,610",,,,,,"$44,908",,,,,,,,,,,,,,,,,,,,,,,,,,,,,,,,,,,,,,,,,
Hampstead (2017),"$54,433",,,,"$386,001",,"$347,685",,"$271,429",,,,,"$40,966","$63,805",,,,,,"$51,075","$51,094",,"$51,675",,,,"$12,970",,,,,,"$2,108,970",,,,,,,,,,,,,,,,,,"$2,212,907","$537,765",,,,,,,,,,,,,,,,,,,,,,,,,,,,
Luck-Key (2016),"$48,366,216",,,,,,,,,,,,,,,,,,,,,,,,,,,,,,,,,"$9,494",,,,,,,,,,,,,,,,,,"$52,642","$19,118",,,,,,,,,,,,,,,,,,,,,,,,,,,,
Good Time (2017),"$20,972","$126,563",,"$705,126",,,,,"$125,933",,,"$1,236",,"$15,062",,,,,,,"$3,247","$14,923",,"$8,860",,,"$25,429","$5,129","$3,191",,,,,"$44,999","$4,976",,,,,"$25,996",$511,,,,"$4,193",,,,,,,"$120,524",,,,,,,,,,,,,,,,,,,,,,,,,,,,,
Summer 1993 (2017),"$21,016",,,"$81,933","$2,346,956",,,,"$41,945",,,,,"$20,372",,,,,,"$2,977",,"$5,919",,,,,"$9,143",$528,,,,,,"$6,346","$1,421",,,,,"$16,702","$22,415",,,,,"$12,868",,,,,,"$212,571",,,,,,,,,,,,,,,,,,,,,"$185,903",,,,,,,,
The Dark Tower (2017),"$669,330","$8,853,364","$1,018,203","$3,019,623","$2,909,457","$3,718,808","$2,745,937","$466,861","$1,627,195","$983,723","$279,846","$1,766,768","$426,657","$313,338","$522,616","$591,545","$253,265","$406,305","$618,551","$635,103","$293,987","$790,612","$507,091","$309,927","$107,116","$947,693","$1,306,756","$57,554","$96,812","$55,452","$220,228","$62,791","$30,561","$3,563,671","$74,490","$124,686",,"$4,038,621","$3,536,813","$667,094","$781,246","$357,181","$380,333","$279,645","$73,683","$48,307",,,,"$23,286",,"$2,513,760","$497,610","$285,230","$1,126,352","$515,779",,"$275,534","$256,560","$122,737","$202,183","$50,036","$143,875","$159,976","$234,737","$255,193","$1,348,519","$893,495","$437,600","$753,412","$89,576","$1,081,996",,"$114,375","$54,869","$9,458","$75,887","$37,668","$23,412","$39,808","$12,005"
Overdrive (2017),"$9,028","$855,019","$303,860","$3,069,977",,,"$1,521,843",,"$662,381",,,"$520,437",,,"$227,371",,"$31,300",,,"$182,899","$72,810","$299,358","$95,925",,,"$136,910","$111,301","$31,851","$30,611",,"$26,045",,"$14,160","$78,008",,,,,"$641,858",,"$151,912",,,,"$35,989",,,,,,,,,,,,,,,,,,,,,,"$531,906",,,,,,,,,,,,,,
Rumba (2008),"$49,208",,,,,,,,,,,,,,,,,,,,,,,,,,,,,,,,,,,,,"$145,680",,"$67,362",,,,,,"$1,644",,,,,,,,,,,,,,,,,,,,,,"$5,159",,,,,,,,,,,,,
The Emoji Movie (2017),"$245,759","$6,686,623","$214,365","$5,622,976","$7,721,590","$5,728,605","$3,899,454","$2,382,171","$3,621,580","$3,258,186","$2,557,494","$1,288,692","$1,096,413","$1,328,842","$1,301,104","$1,172,488","$1,124,674","$1,565,433","$1,818,438","$702,867","$406,390","$1,828,799","$625,090","$916,427","$291,887","$985,755","$412,026","$308,777","$480,454","$286,912","$581,908","$50,784","$31,042","$19,583,096","$191,694","$132,190",,"$7,593,186","$7,728,730","$4,252,668","$1,997,605","$1,291,229","$1,695,699","$2,335,717","$437,028","$495,820",,"$84,240",,"$121,028",,"$10,848,188","$1,286,553","$199,665","$711,485","$729,241",,"$399,694","$240,017","$274,245","$248,808","$156,135","$75,215","$117,598","$1,223,243","$252,832","$33,279","$367,891","$1,242,993","$643,510","$162,848","$539,975",,"$94,492","$52,717","$8,401","$66,269","$222,740","$43,076","$25,663",
Wind River (2017),"$48,541","$746,182","$39,855","$2,212,691",,,"$1,398,487","$302,563","$668,890",,,"$677,071",,"$198,843","$79,808",,"$278,478",,,,"$312,697","$102,192","$137,465",,,"$38,224",,"$30,233","$88,658",,"$35,718",,"$22,071","$1,622,497",,,,,"$244,323","$196,058","$52,513",,,,,"$29,235",,,,"$4,423",,"$651,268","$182,839",,,,,,,,,,,,,,,,,,,,"$33,800,859",,,,,,,,
Shot Caller (2017),"$16,046","$225,304",,,,,,,,,,,,,,,,,,,,,,,,,,,,,,,,,,,,,,,,,,,,,,,,,,"$5,882",,,,,,,,,,,,,,,,,,,,,,,,,,,,,
The Dragon Spell (2016),"$510,853",,,,,,,,,,,,,,,,,,,,,,,,,,,,,,,,,,,,,,,,,,,,,,,,,,,,,,,,,,,,,,,,,,,,,,,,,,,,,,,,
Wish Upon (2017),"$385,757","$658,226","$77,754","$2,336,094","$833,204","$432,669","$309,340",,"$409,309",,,"$297,862",,,"$22,026",,,,,,"$115,982",,,"$95,816",,"$19,752",,,,,,,,"$50,730","$16,554",,,"$989,837","$1,361,317","$215,718","$385,122",,,,"$102,174","$11,281",,,,"$40,557",,,,,,,,,,,,,,,,,,,,,,,,,,,,,,,
Detroit (2017),"$173,203",,,"$2,380,815","$70,582",,"$205,062",,"$258,182",,,"$126,561",,,"$26,257",,,,,,"$43,599","$32,332",,,,,,,,,,,,"$3,014,949",,,,,,"$17,960","$18,746",,,,,,,,,,,"$175,876","$20,837",,,,,,,,,,,,,,,,,,,,,,,,,,,,
Columbus (2017),"$55,475",,,,,,,,,,,,,,,,,,,,,"$13,824",,,,,,,,,,,,"$6,671",,,,,,,,,,,,,,,,,,,,,,,,,,,,,,,,,,,,,,,,,,,,,,,
Double Lover (2017),"$82,448","$401,756",,"$2,967,457","$349,726",,"$59,248",,"$307,426","$160,916",,,,,,,"$17,490",,,"$18,975","$18,213","$6,978","$31,209",,,"$54,666","$33,952","$19,906","$7,717",,"$10,360",,"$3,837","$79,462",,"$5,695",,"$43,733","$97,163","$32,557",,,,,,"$6,641",,,,"$1,868",,,"$21,597",,,,,,,,,,,,,,,,,,,,,,,,,,,,
Goon: Last of the Enforcers (2017),,"$114,347",,,,,,,,,,,,,,,,,,,,,,,,,,,,,,,,,,,,,,,,,,,,,,,,,,,,,,,,,,,,,,,,,,,,,,,,,,,,,,,
Órbita 9 (2017),,"$124,234",,,,,,,,,,,,,,,,,,,,,,,,,,,,,,,,,,,,,,,,,,,,,,,,,,,,,,,,,,,,,,,,,,,,,,,,,,,,,,,
Havenhurst (2016),,"$68,367",,,,,,,,,,"$36,897",,,,,,,,,,,,,,,,,,,,,,,,,,,,"$37,428","$130,764",,,,"$9,927",,,,,"$5,916",,,,,,,,,,,,,,,,,,,,,,,,,,,,,,,
Porn in the Hood (2012),,"$103,403",,,,,,,,,,,,,,,,,,,,,,,,,,,,,,,,,,,,,,,,,,,,,,,,,,,,,,,,,,,,,,,,,,,,,,,,,,,,,,,
Dark World (2010),,"$8,347,426",,,,,,,,,,,,,,,,,,,,,,,,"$281,571",,,,,,,,,,,,,,,,,,,,,,,,,,,,,,,,,,,,,,,,,,,,,,,,,,,,,,,
"S Novym godom, mamy! (2012)",,"$11,896,035",,,,,,,,,,,,,,,,,,,,,,,,,,,,,,,,,,,,,,,,,,,,,,,,,,,,,,,,,,,,,,,,,,,,,,,,,,,,,,,
Yolki 1914 (2014),,"$10,727,769",,,,,,,,,,,,,,,,,,,,,,,,,,,,,,,,,,,,,,,,,,,,,,,,,,,,,,,,,,,,,,,,,,,,,,,,,,,,,,,
Beremennyy (2011),,"$7,370,040",,,,,,,,,,,,,,,,,,,,,,,,,,,,,,,,,,,,,,,,,,,,,,,,,,,,,,,,,,,,,,,,,,,,,,,,,,,,,,,
Chto tvoryat muzhchiny! (2013),,"$9,963,953",,,,,,,,,,,,,,,,,,,,,,,,,,,,,,,,,,,,,,,,,,,,,,,,,,,,,,,,,,,,,,,,,,,,,,,,,,,,,,,
The Ghost (2008),,"$2,401,660",,,,,,,,,,,,,,,,,,,,,,,,,,,,,,,,,,,,,,,,,,,,,,,,,,,,,,,,,,,,,,,,,,,,,,,,,,,,,,,
Yolki 3 (2013),,"$37,876,863",,,,,,,,,,,,,,,,,,,,,,,,,,,,,,,,,,,,,,,,,,,,,,,,,,,,,,,,,,,,,,,,,,,,,,,,,,,,,,,
Montana (2008),,"$2,904,119",,,,,,,,,,,,,,,,,,,,,,,,,,,,,,,,,,,,,,,,,,,,,,,,,,,,,,,,,,,,,,,,,,,,,,,,,,,,,,,
Love-Carrot 3 (2011),,"$8,457,645",,,,,,,,,,,,,,,,,,,,,,,"$18,711","$854,848",,"$27,996",,"$29,522",,,,,,,,,,,,,,,,,,,,,,,,,,,,,,,,,,,,,,,,,,,,,,,,,,,
Unresolved Sexual Tension (2010),,"$284,138",,,"$2,722,780",,,,,,,,,,,,,,,,,,,,,,,,,,,,,,,,,,$341,,,,,,,,,,,,,,,,,,,,,,,,,,,,,,,,,,,,,,,,,,
Ecstasy (2011),,"$23,946",,,,,,,,,,,,,,,,,,,,,,,,,,,,,,,,,,,,,,,,,,,,,,,,,,,"$1,756",,,,,,,,,,,,,,,,,,,,,,,,,,,,
Ochen russkiy detektiv (2008),,"$3,080,782",,,,,,,,,,,,,,,,,,,,,,,,,,,,,,,,,,,,,,,,,,,,,,,,,,,,,,,,,,,,,,,,,,,,,,,,,,,,,,,
Eat Locals (2017),,"$2,677",,,,,"$3,883",,,,,"$9,943",,,,,,,,,,,,,,,,,,,,,,,,,,,,,,,,,,,,,,,,,,,,,,,,,,,,,,,,,,,,,,,,,,,,,
"The Legend of Al, John and Jack (2002)",,"$150,000",,,,,,,,,,,,,,,,,,,,,,,,,,,,,,,,,,,,,,,,,,,,,,,,,,,,,,,,,,,,,,,,,,,,,,,,,,,,,,,
Chuck (2016),,"$1,321",,"$100,323",,,,,"$37,025",,,"$9,363",,,,,,,,,"$9,752","$10,119",,,,,,,,,,,,,"$5,475",,,,,,"$8,415",,,,,,,,,,,,,,,,,,,,,,,,,,,,,,,,,,,,,,,,
2:22 (2017),,"$661,848","$126,037",,,,"$1,205,606",,"$680,850",,,"$158,121",,,"$34,720",,,,,,,"$67,373",,,,"$48,930","$139,100",,,,,,,,,,,,"$289,702",,"$160,415",,,,"$17,230",,,,,,,,,,,,"$355,375",,,,,,,,,,,,,,,,,,,,,,,,
The Life (2004),,"$13,167",,,,,,,,,,,,,,,,,,,,,,,,,,,,,,,,,,,,,,,,,,,"$7,721",,,,,,,,,,,,,,,,,,,,,,,,,,,,"$5,130",,,,,,,,
Security (2017),,"$33,501","$21,116",,,,,,,,,,,,,,,,,,,,,,,,,,,,,,,,,,,,"$175,927",,,,,,"$23,837",,,,,,,,,,,,,,,,,,,,,,,,,,,,,,,,,,,,
What War May Bring (2010),,"$145,531",,,,,,,,,,,,,,,,,,,,,,,,,,,,,,,,,,,,,,,,,,,,,,,,,,,,,,,,,,,,,,,,,,,,,,,,,,,,,,,
Nicostratos the Pelican (2011),,"$142,362",,"$468,111",,"$119,639",,"$17,115",,,,,,,,"$7,919",,,,,,,,,,,,,,,,,,,,,,,,,,,,,,,,,,,,,,,,,,,,,,,,,,,,,,,,,,,,,,,,,
Puzzled Love (2011),,"$20,557",,,,,,,,,,,,,,,,,,,,,,,,,,,,,,,,,,,,,,,,,,,,,,,,,,,,,,,,,,,,,,,,,,,,,,,,,,,,,,,
I'm Staying! (2003),,"$19,081",,,,,,,,,,,,,,,,,,,,,,,,,,,,,,,,,,,,,,,,,,,,,,,,,,,,,,,,,,,,,,,,,,,,,,,,,,,,,,,
Sunstroke (2014),,"$1,660,558",,,,,,,,,,,,,,,,,,,,,,,,,,,,,,,,,,,,,,,,,,,,,,,,,,,,,,,,,,,,,,,,,,,,,,,,,,,,,,,
Mirage (2004),,"$911,551",,,,,,,,,,,,,,,,,,,,,,,,,,,,,,,,,,,,,,,,,,,,,,,,,,,,,,,,,,,,,,,,,,,,,,,"$2,241",,,,,,,,
Groom (2016),,"$7,483,971",,,,,,,,,,,,,,,,,,,,,,,,,,,,,,,,,,,,,,,,,,,,,,,,,,,,,,,,,,,,,,,,,,,,,,,,,,,,,,,
Realnyy papa (2008),,"$1,875,014",,,,,,,,,,,,,,,,,,,,,,,,,,,,,,,,,,,,,,,,,,,,,,,,,,,,,,,,,,,,,,,,,,,,,,,,,,,,,,,
The Hippopotamus (2017),,"$120,102",,,,,,,,,,,,,,,,,,,,,,,,,,,,,,,,,,,,,,,,,,,,,,,,,,,"$50,850",,,,,,,,,,,,,,,,,,,,,,,,,,,,
Brice 3 (2016),,"$7,897",,,,,,,,,,,,,,,,,,,,,,,,,,,,,,,,,,,,,,,,,,,,,,,,,,,,,,,,,,,,,,,,,,,,,,,,,,,,,,,
July Rain (1967),,"$45,072",,,,,,,,,,,,,,,,,,,,"$1,461",,,,,,,,,,,,,,,,,,,,,,,,,,,,,,,,,,,,,,,,,,,,,,,,,,,,,,,,,,,
Pattaya (2016),,"$96,923",,,,,,,,,,,,,,,,,,,,,,,,,,,,,,,,,,,,,,,,,,,,,,,,,,,,,,,,,,,,,,,,,,,,,,,,,,,,,,,
Bye Bye Germany (2017),,"$9,364",,,"$93,839",,,,,,,,,,,,,,,,,,,,,,,,,,,,,,,,,,,,,,,,,,,,,,,,,,,,,,,,,,,,,,,,,,,,,,,,,,,,
With Open Arms (2017),,"$153,183",,"$7,865,057","$190,384",,"$225,224",,"$50,638","$92,234",,,,,,,"$79,017",,,,"$320,321","$488,564","$15,924",,,,,"$23,985","$57,323",,,,,,,,,,,,,,,,,,,,,,,,,,,,,,,,,,,,,,,,,,,,,,,,,,,,
The Visitors: Bastille Day (2016),,"$288,594",,,,,,,,,,,,,,,,,,,,,,,,,,,,,,,,,,,,,,,,,,,,,,,,,,,,,,,,,,,,,,,,,,,,,,,,,,,,,,,
Treasure Raiders (2007),,"$846,114",,,,,,,,,,,,,,,,,,,,,,,,,,,,,,,,,,,,,,,,,,,,,,,,,,,,,,,,,,,,,,,,,,,,,,,,,,,,,,,
Dead Daughters (2007),,"$1,414,961",,,,,,,,,,,,,,,,,,,,,,,,,,,,,,,,,,,,,,,,,,,,,,,,,,,,,,,,,,,,,,,,,,,,,,,,,,,,,,,
Two in One (2007),,"$76,506",,,,,,,,,,,,,,,,,,,,,,,,,,,,,,,,,,,,,,,,,,,,,,,,,,,,,,,,,,,,,,,,,,,,,,,,,,,,,,,
Z'olushka (2012),,"$5,169,134",,,,,,,,,,,,,,,,,,,,,,,,,,,,,,,,,,,,,,,,,,,,,,,,,,,,,,,,,,,,,,,,,,,,,,,,,,,,,,,
Samoubiytsy (2012),,"$1,963,987",,,,,,,,,,,,,,,,,,,,,,,,,,,,,,,,,,,,,,,,,,,,,,,,,,,,,,,,,,,,,,,,,,,,,,,,,,,,,,,
Dikari (2006),,"$1,328,612",,,,,,,,,,,,,,,,,,,,,,,,,,,,,,,,,,,,,,,,,,,,,,,,,,,,,,,,,,,,,,,,,,,,,,,,,,,,,,,
Kacheli (2008),,"$750,665",,,,,,,,,,,,,,,,,,,,,,,,,,,,,,,,,,,,,,,,,,,,,,,,,,,,,,,,,,,,,,,,,,,,,,,,,,,,,,,
Antidur (2007),,"$1,412,587",,,,,,,,,,,,,,,,,,,,,,,,,,,,,,,,,,,,,,,,,,,,,,,,,,,,,,,,,,,,,,,,,,,,,,,,,,,,,,,
The Phobos (2010),,"$585,388",,,,,,,,,,,,,,,,,,,,,,,,,,,,,,,,,,,,,,,,,,,,,,,,,,,,,,,,,,,,,,,,,,,,,,,,,,,,,,,
An Inconvenient Sequel: Truth to Power (2017),,,"$23,820","$182,713","$14,728","$306,063","$15,623","$56,375","$62,409",,"$11,260","$5,079","$127,963","$30,578","$8,503","$61,967",,"$3,358","$83,239",,,,,,,,,,,,,,,"$409,454",,,,"$15,412",,,"$3,764",,"$8,440","$1,274",,,,"$17,198",,,,"$251,752","$102,086",,"$3,128","$14,707",,,,,,,,,,,"$41,091","$24,950","$31,167","$5,284","$4,662","$9,084",,,,,,,,,
Revolt (2017),,,"$8,986",,,,,,,,,,,,,,,,,,,,,,,,,,,,,,,,,,,,,,,,,,,,,,,,,,,,,,"$15,430",,,,,,,,,,,,,,,,,,,,,,,,
Girls Trip (2017),,,"$4,916","$1,183,974","$40,855","$967,365","$87,223",,"$1,838,766",,,,"$571,368",,"$1,546,796","$223,638",,,"$581,777","$217,227",,,,,,,,,,,,,,"$11,711,797",,,,,,,,"$191,945","$108,917",,,,,,,,,"$3,868,970","$389,133",,,"$32,375",,,,,,,,,,"$905,917",,"$222,958",,"$3,244",,,,,,,,,,,
MFKZ (2017),,,,"$232,301",,,,,,,,,,,,,,,,,,,,,,,,,,,,,,,,,,,,,,,,,,,,,,,,,,,,,,,,,,,,,,,,,,,,,,,,,,,,,
Churchill (2017),,,,"$158,965","$664,240",,,,,,,"$25,516",,,"$69,759",,,,,,,"$129,301",,,,,"$22,525",,,,"$11,413",,"$7,555","$2,201,908",,,,,"$401,853",,"$160,340",,,,,,,,,,,"$1,280,218","$309,514",,,,,,,,,,,,,,,,,,,,,,,,,,,,
Moka (2016),,,,"$1,347,232",,,,,,,,,,,,,,,,,"$16,288",,,,,,,,,,,,,,,,,,,,,,,,,,,,,,,,,,,,,,,,,,,,,,,,,,,,,,,,,,,,
Return to Montauk (2017),,,,"$187,805","$94,238",,,,,,,,,,,,,,,,,"$36,369",,"$10,410",,,,,,,,,,"$1,445",,,,,,,"$30,892",,,,,,,,,,,,,,,,,,,,,,,,,,,,,,,,,,,,,,,,
Don't Call Me Son (2016),,,,"$49,519","$4,342",,,,,,,,,,,,,,,,,"$1,404",,,,,,,,,,,,,,,,"$139,044",,,,,,,,,,,,,,,,,,,,,,,,,,,,,,,,,,,,,,,,,,,
One Hundred Steps (2000),,,,"$25,002",,"$191,024",,,,,,,,,,,,,,,,,,,,,,,,,,,,,,,,,,,,,,,,,,,,,,,,,,,,,,,,,,,,,,,,,,,,,,,,,,,
A Bag of Marbles (2017),,,,"$9,053,399","$263,597",,"$922,884",,,,,"$4,171",,,,,"$19,702",,,,"$57,658","$18,899",,,,,,,"$6,586",,,,,,,,,,"$76,512",,"$64,272",,,,,,,,,,,,,,,,,,,,,,,,,,,,,,,,,,,,,,,,
Come What May (2015),,,,"$1,048,324","$202,244",,,"$21,484",,,,,,,,,,,,,,,,,,,,,,,,,,,,,,,,,,,,,,,,,,,,,,,,,,,,,,,,,,,,,,,,,,,,,,,,,
The Nile Hilton Incident (2017),,,,"$3,400,276","$284,042",,,,"$60,597",,,,,,,,,,,,"$61,921",,,,,,,,,,"$2,528",,,"$11,179","$2,219","$2,181",,,,"$60,184",,,,,,"$13,320",,,,,,,,,,,,,,,,,,,,,,,,,,,,,,,,,,,
Force Majeure (2014),,,,"$622,896","$216,555",$222,"$216,209","$59,434","$279,261",,,,,,,"$44,763",,,,$104,"$109,002",,"$16,038","$122,080","$53,058",,,,"$1,572",,,,,"$761,992",,,,$315,,"$25,994",,,,,,"$9,250",,,,,,"$43,766","$102,529",,,,,,,,,,,,,,,,"$49,802",,,,,,,,,,,,
Solstorm (2007),,,,,"$59,571",,,,,,,,,,,,,,"$2,714,992",,,,,"$17,674",,,,,,,,,,,,,,,,,,,,,,,,,,,,,,,,,,,,,,,,,,,,,,,,,,,,,,,,,
Tubelight (2017),,,,,"$23,020",,,,,,,"$2,334,633",,"$29,625",,,,,,,,"$4,639",,,,,,,,,,,,"$781,250",,,,,,,,,,,,,,,,,,"$347,918","$199,313",,,,,,,,,,,,,,,,,,,,,,,,,,,,
Marie Curie: The Courage of Knowledge (2016),,,,,"$350,736",,"$76,656",,,"$1,389,014",,,,,,,,,,,,,,,,,,,,,,,,,,,,,,,,,,,,,,,,,,,,,,,,,,,,,,,,,,,,,,,,,,,,,,,
8 Dates (2008),,,,,"$1,354,462",,,,,,,,,,,,,,,,,,,,,,,"$7,488",,,,,,,,,,,,,,,,,,,,,,,,,,,,,,,,,,,,,,,,,,,,,,,,,,,,,
Pokémon 3 the Movie: Spell of the Unown (2000),,,,,,"$2,736,100",,,,,,,,,,"$327,752",,"$277,444",,,,,,,,,,,,,,,,"$714,016",,,,,,,,,,,,,,,,,,"$549,902",,,,,,,,,,,,,,,,,,,,,,,,,,,,,
Crusade in Jeans (2006),,,,,,"$8,071",,"$691,904","$4,055,422",,,"$11,258",,,,,,,,,,,,,,,,,,,,,,,,,,,,,,,,,,,,,,,,,,,,,,,,"$2,319",,,,,,,,,,,,,,,,,,,,,
The House (2017),,,,,,"$48,000",,,,,,"$541,144",,"$165,908","$253,528",,,,,"$314,275","$63,757",,"$325,078","$71,819",,"$174,682",,,"$49,559",,"$43,873",,"$29,398","$1,500,000","$72,670",,,,"$43,021",,,,,,,,,,,,,"$3,466,083","$293,301",,,,,,,,,,,,,,,,,,,,,,,,,,,,
Wesele (2004),,,,,,"$3,042",,,,"$693,911",,,,,,"$3,323",,,,,,,,,,,,,,,$679,,,,,,,,,,,,,,,,,,,,,,,,,,,,,,,,,,,,,,,,,,,,,,,,,,
Notte prima degli esami - Oggi (2007),,,,,,,"$16,544,856",,,,,,,,,,,,,,,,,,,,,,,,,,,,,,,,,,,,,,,,,,,,,,,,,,,,,,,,,,,,,$760,,,,,,,,,,,,,
Loverboy (2005),,,,,,,"$20,234",,,,,,,,,,,,,,,,,,,,,,,,,,,,,,,,,,,,,,,,,,,,,,,,,,,,,,,,,,,,,,,,,,"$33,223",,,,,,,,
Normal the Düsseldorf Ripper (2009),,,,,,,"$11,111",,,,,,,,,,"$310,910",,,,,,,,,,,,,,,,,,,"$293,007",,,,,,,,,,,,,,,,,,,,,,,,,,,,,,,,,,,,,,,,,,,,,
Pokemon 4Ever: Celebi - Voice of the Forest (2001),,,,,,,,,"$79,642",,,,,,,,,,,,,,,,,,,,,,,,,,,,,,,,,,,,,,,,,,,,,,,,,,,,,,,,,,,,,,,,,,,,,,,,
City of Ghosts (2017),,,,,,,,,"$23,164",,,,,,,,,,,,,,,,,,,,,,,,,"$59,417",,,,,,,,,,,,,,,,,,,,,,,,,,,,,,,,,,,,,,,,,,,,,,,
We're All Christs (2006),,,,,,,,,,"$863,107",,,,,,,,,,,,,,,,,,,,,,,,$535,,,,,,,,,,,,,,,,,,,,,,,,,,,,,,,,,,,,,,,,,,,,,,,
The Exception (2016),,,,,,,,,,,,"$26,105",,,"$55,908",,,,,,"$16,949",,,,,,"$12,585",,,,,,,"$4,174",,,,,,,,,,,,,,,,,,"$48,111",,,,,,,,,,,,,,,,,,,,,,,,,,,,,
Phillauri (2017),,,,,,,,,,,,"$354,422",,,,,,,,,,,,,,,,,,,,,,"$116,763",,,,,,,,,,,,,,,,,,,"$44,992",,,,,,,,,,,,,,,,,,"$4,821,257",,,,,,,,,,
Cave (2016),,,,,,,,,,,,,,"$340,858",,,,,,,,,,,,,,,,,,,,,,,,,,,,,,,"$19,136",,,,,,,,,,,,,,,,,,,,,,,,,,,,,,,,,,,,
Mom (2017),,,,,,,,,,,,,,"$6,728",,,,,,,,,,,,,,,,,,,,"$105,874",,,,,,,,,,,,,,,,,,"$61,322","$21,777",,,,"$16,082,564",,,,,,,,,,,,,,"$4,364,134",,,,,,,,,,
Dina (2017),,,,,,,,,,,,,,,,,,,,,,,,,,,,,,,,,,"$6,021",,,,,,,,,,,,,,,,,,,,,,,,,,,,,,,,,,,,,,,,,,,,,,,
78/52: Hitchcock's Shower Scene (2017),,,,,,,,,,,,,,,,,,,,,,,,,,,,,,,,,,"$9,174",,,,,,,,,,,,,,,,,,,,,,,,,,,,,,,,,,,,,,,,,,,,,,,
Almost Holy (2015),,,,,,,,,,,,,,,,,,,,,,,,,,,,,,,,,,"$2,815",,,,,,,,,,,,,,,,,,,,,,,,,,,,,,,,,,,,,,,,,,,,,,,
Burden (2016),,,,,,,,,,,,,,,,,,,,,,,,,,,,,,,,,,"$1,997",,,,,,,,,,,,,,,,,,,,,,,,,,,,,,,,,,,,,,,,,,,,,,,
Coming Home (2012),,,,,,,,,,,,,,,,,,,,,,,,,,,,,,,,,,,,,,"$21,433",,,,,,,,,,,,,,,,,,,,,,,,,,,,,,,,,,,,,,,,,,,
El mural (2010),,,,,,,,,,,,,,,,,,,,,,,,,,,,,,,,,,,,,,,"$53,860","$137,066",,,,,,,,,,,,,,,,,,,,,,,,,,,,,,,,,,,,,,,,,
To Kill a King (2003),,,,,,,,,,,,,,,,,,,,,,,,,,,,,,,,,,,,,,,"$301,540",,,,,,,,,,,,,,,,,,,,,,,,,,,,,,,,,,,,,,,,,,
Trivial (2007),,,,,,,,,,,,,,,,,,,,,,,,,,,,,,,,,,,,,,,"$59,176",,,,,,,,,,,,,,,,,,,,,,,,,,,,,,,,,,,,,,,,,,
Sweet Dreams (2016),,,,,,,,,,,,,,,,,,,,,,,,,,,,,,,,,,,,,,,,"$83,517",,,,,,"$2,061",,,,,,,,,,,,,,,,,,,,,,,,,,,,,,,,,,,
Human Surge (2016),,,,,,,,,,,,,,,,,,,,,,,,,,,,,,,,,,,,,,,,$758,,,,,,,,,,,,,,,,,,,,,,,,,,,,,,,,,,,,,,,,,
Bedeviled (2016),,,,,,,,,,,,,,,,,,,,,,,,,,,,,,,,,,,,,,,,"$75,387",,,,,"$37,585","$13,686",,,,"$4,549",,,,,,,,,,,,,,,,,,,,,,,,,,,,,,,
First Kill (2017),,,,,,,,,,,,,,,,,,,,,,,,,,,,,,,,,,,,,,,,"$61,024",,,,,,"$13,040",,,,"$9,070",,,,,,,,,,,,,,,,,,,,,,,,,,,,,,,
150 Milligrams (2016),,,,,,,,,,,,,,,,,,,,,,,,,,,,,,,,,,,,,,,,,"$27,746",,,,,,,,,,,,,,,,,,,,,,,,,,,,,,,,,,,,,,,,
The Olive Tree (2016),,,,,,,,,,,,,,,,,,,,,,,,,,,,,,,,,,,,,,,,,"$25,655",,,,,,,,,,,,"$52,913",,,,,,,,,,,,,,,,,,,,,,,,,,,,
Code Blue (2011),,,,,,,,,,,,,,,,,,,,,,,,,,,,,,,,,,,,,,,,,,,"$9,612",,,,,,,,,,,,,,,,,,,,,,,,,,,,,,,,,,,,,,
Devil's Gate (2017),,,,,,,,,,,,,,,,,,,,,,,,,,,,,,,,,,,,,,,,,,,,,"$22,949",,,,,,,,,,,,,,,,,,,,,,,,,,,,,,,,,,,,
Empties (2007),,,,,,,,,,,,,,,,,,,,,,,,,,,,,,,,,,,,,,,,,,,,,,,,,,,,$978,"$38,680",,,,,,,,,,,,,,,"$33,682",,,,,,,,,,,,,
Bairavaa (2017),,,,,,,,,,,,,,,,,,,,,,,,,,,,,,,,,,,,,,,,,,,,,,,,,,,,"$159,183","$11,364",,,,,,,,,,,,,,,,,,,,,,,,,,,,
Chasing Trane: The John Coltrane Documentary (2016),,,,,,,,,,,,,,,,,,,,,,,,,,,,,,,,,,,,,,,,,,,,,,,,,,,,,$626,,,,,,,,,,,,,,,,,,,,"$406,284",,,,,,,,
Duckweed (2017),,,,,,,,,,,,,,,,,,,,,,,,,,,,,,,,,,,,,,,,,,,,,,,,,,,,,"$17,602",,,,"$152,405,087",,,,,,,,,,,,,,,,,,,,,,,,
Aiyyaa (2012),,,,,,,,,,,,,,,,,,,,,,,,,,,,,,,,,,,,,,,,,,,,,,,,,,,,,"$9,036",,,,,,,,,,,,,,,,,,,,,,,,,,,,
Sivaji (2007),,,,,,,,,,,,,,,,,,,,,,,,,,,,,,,,,,,,,,,,,,,,,,,,,,,,,,,"$2,435,416",,,,,,,,,,,,,,,,,,,,,,,,,,
God of War (2017),,,,,,,,,,,,,,,,,,,,,,,,,,,,,,,,,,,,,,,,,,,,,,,,,,,,,,,,,"$9,506,524",,,,,,,,,,,,,,,,,,,,,,,,
Survival Family (2016),,,,,,,,,,,,,,,,,,,,,,,,,,,,,,,,,,,,,,,,,,,,,,,,,,,,,,,,,"$1,692,719",,,,,,,,,,"$5,190,126",,,,,,,,,,,,,,
My Old Classmate (2014),,,,,,,,,,,,,,,,,,,,,,,,,,,,,,,,,,,,,,,,,,,,,,,,,,,,,,,,,"$73,050,000",,,,,,,,,,,,,,,,,,,,,,,,
