imdbId,imdbid,Movie Name,Argentina,Aruba,Australia,Austria,Bahrain,Belgium,Bolivia,Brazil,Bulgaria,Chile,China,Colombia,Costa Rica,Croatia,Cyprus,Czech Republic,Denmark,Domestic,Dominican Republic,Ecuador,Egypt,Estonia,Finland,France,Germany,Ghana,Greece,Honduras,Hong Kong,Hungary,Iceland,India,Indonesia,Israel,Italy,Jamaica,Japan,Jordan,Kenya,Kuwait,Latvia,Lebanon,Lithuania,Malaysia,Mexico,Mongolia,Netherlands,New Zealand,Nicaragua,Nigeria,Norway,Oman,Pakistan,Panama,Paraguay,Peru,Philippines,Poland,Portugal,Qatar,Romania,Russia/CIS,Serbia and Montenegro,Singapore,Slovakia,Slovenia,South Africa,South Korea,Spain,Sweden,Switzerland,Taiwan,Thailand,Trinidad & Tobago,Türkiye,Ukraine,United Arab Emirates,United Kingdom,Uruguay,Venezuela,Vietnam
1536537,,What Happened to Monday (2017),,,,,,,,,,,,,,,,,,,,,,,,,,,,,,,,,,,,,,,,,,,,,,,,,,,,,,,,,,,,,,"$1,291,601",,,,,,"$7,022,506",,,,,"$1,088,074",,,,,,,,
5715410,,Son of Bigfoot (2017),"$284,341",,"$552,097","$665,619",,"$1,913,716","$90,704","$1,341,794","$188,827","$139,946","$8,473,259","$261,073","$48,175","$49,915","$37,200","$506,284","$446,470",,,"$217,740",,"$295,583","$304,744","$4,874,133","$2,340,271",,"$379,070","$9,517",,"$324,486","$67,241",,,"$1,316,770","$1,917,669",,,,,,"$225,514",,"$260,831","$177,113","$598,598",,"$1,556,717","$226,716","$17,716",,"$803,948",,,"$45,455","$13,598","$212,265",,"$1,380,725","$370,842",,"$403,456","$2,263,289","$149,323","$118,650","$250,958","$100,185","$738,710","$1,998,502","$3,596,214","$439,823","$924,029",,"$29,739",,"$280,988","$287,958","$925,044","$80,685","$52,148",,"$200,631"
5607714,,On Body and Soul (2017),,,"$19,959",,,,,,"$8,597",,,,,,,"$4,125",,,,,,,"$15,495","$340,561",,,"$268,333",,,"$659,522","$1,290",,,,"$213,160",,,,,,,,"$11,339",,,,"$238,529",,,,"$30,488",,,,,,,,"$10,615",,"$57,526","$62,841",,,"$3,296",,,"$69,145","$86,662",,,,,,"$18,955",,,"$12,196",,,
2406566,,Atomic Blonde (2017),"$296,058",,"$3,885,754","$383,451","$92,926","$491,679","$36,948","$1,875,671","$101,331","$138,583",,"$334,518",,"$174,775","$16,334","$122,906","$245,100",,,"$113,955","$32,377","$96,281","$174,480","$3,763,161","$2,820,926",,"$262,046",,"$492,906","$165,587","$70,980","$204,025","$180,397","$300,753","$2,210,566",,"$2,376,100","$46,422",,"$198,445","$46,824","$120,298","$50,430","$356,276","$2,991,034",,"$1,461,761","$429,848",,,"$340,215","$45,385",,,"$10,443","$253,783","$380,689","$877,593","$563,766","$146,908","$514,775","$3,342,666","$85,970","$169,776","$59,545","$39,470","$400,420","$1,106,519","$2,208,022","$387,081","$761,316","$532,818","$393,056","$86,286","$690,192","$561,254","$696,104","$5,103,126","$25,812","$92,987","$292,983"
0809951,,Empties (2007),,,$978,,,,,,,,,,,,,,,,,,,,,,,,,,,,,,,,,,,,,,,,,,,,,"$38,680",,,,,,,,,,,,,,,,,,,,,,,,"$33,682",,,,,,,,,
6083388,,God of War (2017),,,,,,,,,,,"$9,506,524",,,,,,,,,,,,,,,,,,,,,,,,,,,,,,,,,,,,,,,,,,,,,,,,,,,,,,,,,,,,,,,,,,,,,,
4721124,,The Exception (2016),,,"$48,111",,,,,,,,,,,,,,,,,,,,,,,,"$16,949",,,,,,,,,,,,,,,,,,,,,,,,,,,,,,,,,,,,,,,,"$55,908",,,,,,,,"$12,585",,"$26,105","$4,174",,,
2417712,,Goon: Last of the Enforcers (2017),,,,,,,,,,,,,,,,,,,,,,,,,,,,,,,,,,,,,,,,,,,,,,,,,,,,,,,,,,,,,,"$114,347",,,,,,,,,,,,,,,,,,,
5013056,,Dunkirk (2017),"$2,016,819",,"$18,500,000",,,,"$160,464","$4,600,000","$195,451",,"$50,970,494","$1,247,748",,,,"$1,680,104",,"$189,740,665",,,,,"$1,621,326","$21,500,000","$7,700,000",,"$1,552,150",,"$3,400,000","$1,027,191","$343,639","$3,144,854","$2,800,000",,"$9,935,722",,"$14,800,000",,,,,,"$328,726",,"$5,800,000",,"$8,100,000","$4,202,545",,,"$2,816,515",,,,"$78,025",,,"$3,732,372","$1,147,203",,"$802,309","$5,400,000",,,"$614,051","$152,794","$825,513","$22,949,201","$10,600,000",,"$3,000,000","$3,700,000","$1,438,979",,"$1,400,000","$774,013","$3,053,017","$74,366,509","$135,650",,
6201292,,Bairavaa (2017),,,"$159,183",,,,,,,,,,,,,,,,,,,,,,,,,,,,,,,,,,,,,,,,,,,,,"$11,364",,,,,,,,,,,,,,,,,,,,,,,,,,,,,,,,,
4694544,,Once Upon a Time in Venice (2017),,,,,,,,,,,,,,,,,,,,,,,,,,,,,,,,,,,,,,,,,,,,,,,,,,,,,,,,,,,,,,"$194,548",,,,,,"$47,010",,,,,,,,,,,,,
6322922,,An Inconvenient Sequel: Truth to Power (2017),,,"$251,752","$61,967",,"$56,375",,"$15,412",,"$1,274",,"$3,764",,,,,"$3,358",,,,,,,"$182,713","$306,063",,,,"$31,167",,,"$4,662","$9,084","$11,260","$15,623",,"$41,091",,,,,,,"$3,128",,,"$62,409","$102,086",,,"$30,578",,,"$17,198",,"$8,440","$5,284",,,,,,,"$14,707",,,"$8,503",,"$14,728","$83,239","$127,963","$24,950","$23,820",,,,"$5,079","$409,454",,,
5606538,,Confidential Assignment (2017),,,,,,,,,,,,,,,,,,,,,,,,,,,,,,,,,,,,,,,,,,,,,,,,"$12,559",,,,,,,,,,,,,,,,,,,,"$55,481,157",,,,,"$2,907",,,,,,,,
6273736,,Vanishing Time: A Boy Who Returned (2016),,,,,,,,,,,,,,,,,,,,,,,,,,,,,,,,,,,,,,,,,,,,,,,,"$1,436",,,,,,,,,,,,,,,,,,,,"$3,268,916",,,,,,,,,,$406,,,
3469798,,Órbita 9 (2017),,,,,,,,,,,,,,,,,,,,,,,,,,,,,,,,,,,,,,,,,,,,,,,,,,,,,,,,,,,,,,"$124,234",,,,,,,,,,,,,,,,,,,
4273562,,Yu-Gi-Oh!: The Dark Side of Dimensions (2016),,,,,,,,,,,,,,,,,,,,,,,,,,,,,,,,,,,"$217,369",,"$5,814,265",,,,,,,,,,,"$16,661",,,,,,,,,,,,,,,,,,,,"$212,330",,,,,"$14,552",,,,"$13,851","$140,819",,,
3424690,,Havenhurst (2016),"$37,428",,,,,,"$9,927",,,,,"$130,764",,,,,,,,,,,,,,,,,,,,,,,,,,,,,,,,,,,,,,,,,,,"$5,916",,,,,,,"$68,367",,,,,,,,,,,,,,,"$36,897",,,,
4287434,,Chasing Trane: The John Coltrane Documentary (2016),,,,,,,,,,,,,,,,,,"$406,284",,,,,,,,,,,,,,,,,,,,,,,,,,,,,,$626,,,,,,,,,,,,,,,,,,,,,,,,,,,,,,,,,
0235679,,Pokémon 3 the Movie: Spell of the Unown (2000),,,"$549,902","$327,752",,,,,,,,,,,,,"$277,444",,,,,,,,"$2,736,100",,,,,,,,,,,,,,,,,,,,,,,,,,,,,,,,,,,,,,,,,,,,,,,,,,,,,"$714,016",,,
0287635,,Pokemon 4Ever: Celebi - Voice of the Forest (2001),,,,,,,,,,,,,,,,,,,,,,,,,,,,,,,,,,,,,,,,,,,,,,,"$79,642",,,,,,,,,,,,,,,,,,,,,,,,,,,,,,,,,,
4717402,,MFKZ (2017),,,,,,,,,,,,,,,,,,,,,,,,"$232,301",,,,,,,,,,,,,,,,,,,,,,,,,,,,,,,,,,,,,,,,,,,,,,,,,,,,,,,,,
0997282,,Solstorm (2007),,,,,,,,,,,,,,,,,,,,,,,"$17,674",,,,,,,,,,,,,,,,,,,,,,,,,,,,,,,,,,,,,,,,,,,,,,"$59,571","$2,714,992",,,,,,,,,,,
3371366,,Transformers: The Last Knight (2017),"$5,457,359",,"$9,171,848","$1,694,000",,"$1,539,767","$892,363","$13,704,332","$332,048","$2,662,845","$228,842,508","$4,031,824",,,,"$36,984","$1,033,786",,,,,,"$539,333","$10,986,587","$15,415,894",,"$321,120",,"$4,990,590","$849,565","$114,431","$4,865,527","$11,712,577","$456,756","$5,454,342",,"$15,690,606",,,,,,"$178,688","$8,010,315","$15,334,443",,"$2,196,812","$1,705,534",,,"$1,029,050",,,"$4,318,242","$212,599","$4,219,602","$5,646,985","$3,045,986","$839,170",,"$843,338","$15,890,358",,"$4,444,479","$303,217","$74,730","$1,580,482","$19,243,751","$3,971,313","$1,796,328","$1,216,556","$7,138,047","$4,909,670",,"$2,808,452","$1,630,808","$2,994,238","$12,191,514","$114,260","$601,576",
5078134,,A Woman's Life (2016),"$44,908",,,,,,,,,,,,,,,,,,,,,,,"$674,736",,,,,,,,,,,"$21,521",,,,,,,,,,,,"$47,611",,,,,,,,,,,,"$13,119",,,,,,,,,"$18,621","$22,192",,,,,,,,,"$15,610",,,
2282849,,Porn in the Hood (2012),,,,,,,,,,,,,,,,,,,,,,,,,,,,,,,,,,,,,,,,,,,,,,,,,,,,,,,,,,,,,,"$103,403",,,,,,,,,,,,,,,,,,,
1746246,,Dark World (2010),,,,,,,,,,,,,,,,,,,,,,,,,,,,,,,,,,,,,,,,,,,,,,,,,,,,,,,,,,,,,,"$8,347,426",,,,,,,,,,,,,,"$281,571",,,,,
2592500,,"S Novym godom, mamy! (2012)",,,,,,,,,,,,,,,,,,,,,,,,,,,,,,,,,,,,,,,,,,,,,,,,,,,,,,,,,,,,,,"$11,896,035",,,,,,,,,,,,,,,,,,,
3877844,,Yolki 1914 (2014),,,,,,,,,,,,,,,,,,,,,,,,,,,,,,,,,,,,,,,,,,,,,,,,,,,,,,,,,,,,,,"$10,727,769",,,,,,,,,,,,,,,,,,,
1820462,,Beremennyy (2011),,,,,,,,,,,,,,,,,,,,,,,,,,,,,,,,,,,,,,,,,,,,,,,,,,,,,,,,,,,,,,"$7,370,040",,,,,,,,,,,,,,,,,,,
2649152,,Chto tvoryat muzhchiny! (2013),,,,,,,,,,,,,,,,,,,,,,,,,,,,,,,,,,,,,,,,,,,,,,,,,,,,,,,,,,,,,,"$9,963,953",,,,,,,,,,,,,,,,,,,
1194607,,The Ghost (2008),,,,,,,,,,,,,,,,,,,,,,,,,,,,,,,,,,,,,,,,,,,,,,,,,,,,,,,,,,,,,,"$2,401,660",,,,,,,,,,,,,,,,,,,
3121434,,Yolki 3 (2013),,,,,,,,,,,,,,,,,,,,,,,,,,,,,,,,,,,,,,,,,,,,,,,,,,,,,,,,,,,,,,"$37,876,863",,,,,,,,,,,,,,,,,,,
1108855,,Montana (2008),,,,,,,,,,,,,,,,,,,,,,,,,,,,,,,,,,,,,,,,,,,,,,,,,,,,,,,,,,,,,,"$2,904,119",,,,,,,,,,,,,,,,,,,
1666169,,Love-Carrot 3 (2011),,,,,,,,,,,,,,,,,,,,,,"$18,711",,,,,,,,,,,,,,,,,,,"$29,522",,"$27,996",,,,,,,,,,,,,,,,,,,"$8,457,645",,,,,,,,,,,,,,"$854,848",,,,,
1490759,,Unresolved Sexual Tension (2010),,,,,,,,,,,,,,,,,,,,,,,,,,,,,,,,,,,,,,,,,,,,,$341,,,,,,,,,,,,,,,,,"$284,138",,,,,,,"$2,722,780",,,,,,,,,,,,
2674454,,Churchill (2017),,,"$1,280,218",,,,,,"$11,413",,,"$160,340",,,,,,,,,,,,"$158,965",,,,,,,,,,,,,,,,,,,,,"$401,853",,,"$309,514",,,,,,,,,,,"$129,301",,,,,,,"$7,555","$69,759",,"$664,240",,,,,,"$22,525",,"$25,516","$2,201,908",,,
4915318,,Cave (2016),,,,,,,"$19,136",,,,,,,,,,,,,,,,,,,,,,,,,,,,,,,,,,,,,,,,,,,,"$340,858",,,,,,,,,,,,,,,,,,,,,,,,,,,,,,
1809287,,Ecstasy (2011),,,,,,,,,,,,,,,,,,,,,,,,,,,,,,,,,,,,,,,,,,,,,,,,"$1,756",,,,,,,,,,,,,,"$23,946",,,,,,,,,,,,,,,,,,,
6333058,,Dina (2017),,,,,,,,,,,,,,,,,,,,,,,,,,,,,,,,,,,,,,,,,,,,,,,,,,,,,,,,,,,,,,,,,,,,,,,,,,,,,,"$6,021",,,
5882970,,Tubelight (2017),,,"$347,918",,,,,,,,,,,,,,,,,,,,,,,,,,,,,,,,,,,,,,,,,,,,,"$199,313",,,"$29,625",,,,,,,,"$4,639",,,,,,,,,,"$23,020",,,,,,,,"$2,334,633","$781,250",,,
5153236,,Hampstead (2017),,,"$2,212,907",,,,,,,,,,,,,,,,,,,,"$51,675",,,,"$51,075",,,,,,,,"$347,685",,,,,,,,"$12,970",,,,"$271,429","$537,765",,,"$40,966",,,,,,,,"$51,094",,,,,,,,"$63,805","$54,433","$386,001",,,,,,,,,"$2,108,970",,,
1334035,,Ochen russkiy detektiv (2008),,,,,,,,,,,,,,,,,,,,,,,,,,,,,,,,,,,,,,,,,,,,,,,,,,,,,,,,,,,,,,"$3,080,782",,,,,,,,,,,,,,,,,,,
0814380,,Notte prima degli esami - Oggi (2007),,,,,,,,,,,,,,,,,,,,,,,,,,,,,,,,,,,"$16,544,856",,,,,,,,,,,,,,,,,,,,,,,,,,,,,,,,,,,,,$760,,,,,,,,,
5072406,,Moka (2016),,,,,,,,,,,,,,,,,,,,,,,,"$1,347,232",,,"$16,288",,,,,,,,,,,,,,,,,,,,,,,,,,,,,,,,,,,,,,,,,,,,,,,,,,,,,,
6175078,,Luck-Key (2016),,,"$52,642",,,,,,,,,,,,,,,,,,,,,,,,,,,,,,,,,,,,,,,,,,,,,"$19,118",,,,,,,,,,,,,,,,,,,,"$48,366,216",,,,,,,,,,"$9,494",,,
4846232,,Good Time (2017),"$25,996",,"$120,524",,,,"$4,193",,,,,$511,,,,,,,,,,,"$8,860","$705,126",,,"$3,247",,,,"$4,976",,,,,,,,,,,,"$5,129",,,,"$125,933",,,,"$15,062",,,,,,,,"$14,923",,,"$126,563",,,"$3,191",,,"$20,972",,,,,,,"$25,429",,"$1,236","$44,999",,,
4401006,,Eat Locals (2017),,,,,,,,,,,,,,,,,,,,,,,,,,,,,,,,,,,"$3,883",,,,,,,,,,,,,,,,,,,,,,,,,,,"$2,677",,,,,,,,,,,,,,,"$9,943",,,,
0381111,,Crusade in Jeans (2006),,,,,,"$691,904",,,,,,,,,,,,,,,,,,,"$8,071",,,,,,,,,,,,,,,,,"$2,319",,,,,"$4,055,422",,,,,,,,,,,,,,,,,,,,,,,,,,,,,,"$11,258",,,,
6461514,,Duckweed (2017),,,,,,,,,,,"$152,405,087",,,,,,,,,,,,,,,,,,,,,,,,,,,,,,,,,,,,,"$17,602",,,,,,,,,,,,,,,,,,,,,,,,,,,,,,,,,
4481514,,The House (2017),,,"$3,466,083",,,,,,"$43,873",,,,,,,,,,,,,,"$71,819",,"$48,000",,"$63,757",,,"$325,078","$72,670",,,,,,,,,,,,,,"$43,021",,,"$293,301",,,"$165,908",,,,,,,,,,"$314,275",,,,"$49,559","$29,398","$253,528",,,,,,,,,"$174,682","$541,144","$1,500,000",,,
5897636,,Summer 1993 (2017),"$16,702",,"$212,571",,,,,,,,,"$22,415",,,,,,"$185,903",,,,,,"$81,933",,,,,,,"$1,421",,,,,,,,,,,,$528,,,,"$41,945",,,,"$20,372",,,,,,,,"$5,919",,"$2,977",,,,,,,"$21,016","$2,346,956",,,,,,"$9,143",,,"$6,346","$12,868",,
5247776,,Return to Montauk (2017),,,,,,,,,,,,"$30,892",,,,,,,,,,,"$10,410","$187,805",,,,,,,,,,,,,,,,,,,,,,,,,,,,,,,,,,,"$36,369",,,,,,,,,,"$94,238",,,,,,,,,"$1,445",,,
5452964,,Don't Call Me Son (2016),,,,,,,,"$139,044",,,,,,,,,,,,,,,,"$49,519",,,,,,,,,,,,,,,,,,,,,,,,,,,,,,,,,,,"$1,404",,,,,,,,,,"$4,342",,,,,,,,,,,,
0238891,,One Hundred Steps (2000),,,,,,,,,,,,,,,,,,,,,,,,"$25,002","$191,024",,,,,,,,,,,,,,,,,,,,,,,,,,,,,,,,,,,,,,,,,,,,,,,,,,,,,,,,
0345561,,"The Legend of Al, John and Jack (2002)",,,,,,,,,,,,,,,,,,,,,,,,,,,,,,,,,,,,,,,,,,,,,,,,,,,,,,,,,,,,,,"$150,000",,,,,,,,,,,,,,,,,,,
1610525,,Chuck (2016),,,,,,,,,,,,"$8,415",,,,,,,,,,,,"$100,323",,,"$9,752",,,,"$5,475",,,,,,,,,,,,,,,,"$37,025",,,,,,,,,,,,"$10,119",,,"$1,321",,,,,,,,,,,,,,,"$9,363",,,,
1131724,,2:22 (2017),,,,,,,"$17,230",,,,"$355,375","$160,415",,,,,,,,,,,,,,,,,,,,,,,"$1,205,606",,,,,,,,,,"$289,702",,"$680,850",,,,,,,,,,,,"$67,373",,,"$661,848",,,,,"$34,720",,,,,,"$126,037",,"$139,100","$48,930","$158,121",,,,
5091612,,A Bag of Marbles (2017),,,,,,,,,,,,"$64,272",,,,"$19,702",,,,,,,,"$9,053,399",,,"$57,658",,,,,,,,"$922,884",,,,,,,,,,"$76,512",,,,,,,,,,,,,,"$18,899",,,,,,"$6,586",,,,"$263,597",,,,,,,,"$4,171",,,,
4746506,,Sweet Dreams (2016),"$83,517",,,,,,,,,,,,,,,,,,,,,,,,,,,,,,,,,,,,,,,,,,,,,,,,,,,,,,,,,,,,,,,,,,,,,,,,,,,,,,"$2,061",,
1576385,,El mural (2010),"$137,066",,,,,,,,,,,,,,,,,,,,,,,,,,,,,,,,,,,,,,,,,,,,"$53,860",,,,,,,,,,,,,,,,,,,,,,,,,,,,,,,,,,,,
0388213,,Loverboy (2005),,,,,,,,,,,,,,,,,,"$33,223",,,,,,,,,,,,,,,,,"$20,234",,,,,,,,,,,,,,,,,,,,,,,,,,,,,,,,,,,,,,,,,,,,,,
0404552,,The Life (2004),,,,,,,"$7,721",,,,,,,,,,,"$5,130",,,,,,,,,,,,,,,,,,,,,,,,,,,,,,,,,,,,,,,,,,,,"$13,167",,,,,,,,,,,,,,,,,,,
5705058,,Marie Curie: The Courage of Knowledge (2016),,,,,,,,,,,,,,,,,,,,,,,,,,,,,,,,,,,"$76,656",,,,,,,,,,,,,,,,,,,,,,,"$1,389,014",,,,,,,,,,,"$350,736",,,,,,,,,,,,
6333056,,City of Ghosts (2017),,,,,,,,,,,,,,,,,,,,,,,,,,,,,,,,,,,,,,,,,,,,,,,"$23,164",,,,,,,,,,,,,,,,,,,,,,,,,,,,,,,"$59,417",,,
4372240,,78/52: Hitchcock's Shower Scene (2017),,,,,,,,,,,,,,,,,,,,,,,,,,,,,,,,,,,,,,,,,,,,,,,,,,,,,,,,,,,,,,,,,,,,,,,,,,,,,,"$9,174",,,
3722614,,Revolt (2017),,,,,,,,,,,"$15,430",,,,,,,,,,,,,,,,,,,,,,,,,,,,,,,,,,,,,,,,,,,,,,,,,,,,,,,,,,,,,,"$8,986",,,,,,,,
1648190,,The Dark Tower (2017),"$667,094","$23,412","$2,513,760","$591,545","$202,183","$466,861","$73,683","$4,038,621","$220,228","$279,645",,"$781,246",,"$124,686",,"$253,265","$406,305",,"$37,668","$357,181","$159,976","$107,116","$309,927","$3,019,623","$3,718,808","$9,458","$293,987",,"$437,600","$507,091","$74,490","$89,576","$1,081,996","$279,846","$2,745,937","$75,887","$1,348,519","$50,036","$54,869","$275,534","$55,452","$122,737","$57,554","$1,126,352","$3,536,813","$12,005","$1,627,195","$497,610",,"$114,375","$313,338","$143,875","$39,808",,"$23,286","$380,333","$753,412","$983,723","$790,612","$256,560","$635,103","$8,853,364","$62,791","$515,779","$96,812","$30,561","$522,616","$669,330","$2,909,457","$618,551","$426,657","$893,495","$1,018,203","$255,193","$1,306,756","$947,693","$1,766,768","$3,563,671","$48,307","$234,737","$285,230"
2296747,,Come What May (2015),,,,,,"$21,484",,,,,,,,,,,,,,,,,,"$1,048,324",,,,,,,,,,,,,,,,,,,,,,,,,,,,,,,,,,,,,,,,,,,,,"$202,244",,,,,,,,,,,,
3501112,,Security (2017),,,,,,,"$23,837",,,,,,,,,,,,,,,,,,,,,,,,,,,,,,,,,,,,,,"$175,927",,,,,,,,,,,,,,,,,"$33,501",,,,,,,,,,,"$21,116",,,,,,,,
0302436,,To Kill a King (2003),,,,,,,,,,,,,,,,,,,,,,,,,,,,,,,,,,,,,,,,,,,,,"$301,540",,,,,,,,,,,,,,,,,,,,,,,,,,,,,,,,,,,,
1935194,,Overdrive (2017),,,,,,,"$35,989",,"$26,045",,,"$151,912",,,,"$31,300",,,,,,,,"$3,069,977",,,"$72,810",,,"$95,925",,,,,"$1,521,843",,"$531,906",,,,,,"$31,851",,"$641,858",,"$662,381",,,,,,,,,,,,"$299,358",,"$182,899","$855,019",,,"$30,611","$14,160","$227,371","$9,028",,,,,"$303,860",,"$111,301","$136,910","$520,437","$78,008",,,
6041312,,Human Surge (2016),$758,,,,,,,,,,,,,,,,,,,,,,,,,,,,,,,,,,,,,,,,,,,,,,,,,,,,,,,,,,,,,,,,,,,,,,,,,,,,,,,,
1160022,,Rumba (2008),"$67,362",,,,,,,"$145,680",,,,,,,,,,,,,,,,,,,,,,,,,,,,,,,,,,,,,,,,,,,,,,,,,,,,,,,,,,,,"$49,208",,,,"$5,159",,,,,,,"$1,644",,
5890000,,Survival Family (2016),,,,,,,,,,,"$1,692,719",,,,,,,,,,,,,,,,,,,,,,,,,,"$5,190,126",,,,,,,,,,,,,,,,,,,,,,,,,,,,,,,,,,,,,,,,,,,,
3956312,,My Old Classmate (2014),,,,,,,,,,,"$73,050,000",,,,,,,,,,,,,,,,,,,,,,,,,,,,,,,,,,,,,,,,,,,,,,,,,,,,,,,,,,,,,,,,,,,,,,
4610748,,Devil's Gate (2017),,,,,,,"$22,949",,,,,,,,,,,,,,,,,,,,,,,,,,,,,,,,,,,,,,,,,,,,,,,,,,,,,,,,,,,,,,,,,,,,,,,,,,
5247544,,150 Milligrams (2016),,,,,,,,,,,,"$27,746",,,,,,,,,,,,,,,,,,,,,,,,,,,,,,,,,,,,,,,,,,,,,,,,,,,,,,,,,,,,,,,,,,,,,
1440146,,What War May Bring (2010),,,,,,,,,,,,,,,,,,,,,,,,,,,,,,,,,,,,,,,,,,,,,,,,,,,,,,,,,,,,,,"$145,531",,,,,,,,,,,,,,,,,,,
1172974,,8 Dates (2008),,,,,,,,,,,,,,,,,,,,,,,,,,,,,,,,,,,,,,,,,,,"$7,488",,,,,,,,,,,,,,,,,,,,,,,,,,"$1,354,462",,,,,,,,,,,,
1891942,,Nicostratos the Pelican (2011),,,,"$7,919",,"$17,115",,,,,,,,,,,,,,,,,,"$468,111","$119,639",,,,,,,,,,,,,,,,,,,,,,,,,,,,,,,,,,,,,"$142,362",,,,,,,,,,,,,,,,,,,
1849844,,Puzzled Love (2011),,,,,,,,,,,,,,,,,,,,,,,,,,,,,,,,,,,,,,,,,,,,,,,,,,,,,,,,,,,,,,"$20,557",,,,,,,,,,,,,,,,,,,
0864918,,Trivial (2007),,,,,,,,,,,,,,,,,,,,,,,,,,,,,,,,,,,,,,,,,,,,,"$59,176",,,,,,,,,,,,,,,,,,,,,,,,,,,,,,,,,,,,
0348841,,I'm Staying! (2003),,,,,,,,,,,,,,,,,,,,,,,,,,,,,,,,,,,,,,,,,,,,,,,,,,,,,,,,,,,,,,"$19,081",,,,,,,,,,,,,,,,,,,
4119030,,Sunstroke (2014),,,,,,,,,,,,,,,,,,,,,,,,,,,,,,,,,,,,,,,,,,,,,,,,,,,,,,,,,,,,,,"$1,660,558",,,,,,,,,,,,,,,,,,,
1342408,,Normal the Düsseldorf Ripper (2009),,,,,,,,,,,,,,"$293,007",,"$310,910",,,,,,,,,,,,,,,,,,,"$11,111",,,,,,,,,,,,,,,,,,,,,,,,,,,,,,,,,,,,,,,,,,,,,,
0368962,,Mirage (2004),,,,,,,,,,,,,,,,,,"$2,241",,,,,,,,,,,,,,,,,,,,,,,,,,,,,,,,,,,,,,,,,,,,"$911,551",,,,,,,,,,,,,,,,,,,
6070530,,Groom (2016),,,,,,,,,,,,,,,,,,,,,,,,,,,,,,,,,,,,,,,,,,,,,,,,,,,,,,,,,,,,,,"$7,483,971",,,,,,,,,,,,,,,,,,,
1482229,,Realnyy papa (2008),,,,,,,,,,,,,,,,,,,,,,,,,,,,,,,,,,,,,,,,,,,,,,,,,,,,,,,,,,,,,,"$1,875,014",,,,,,,,,,,,,,,,,,,
4877122,,The Emoji Movie (2017),"$4,252,668","$43,076","$10,848,188","$1,172,488","$248,808","$2,382,171","$437,028","$7,593,186","$581,908","$2,335,717",,"$1,997,605",,"$132,190",,"$1,124,674","$1,565,433",,"$222,740","$1,291,229","$117,598","$291,887","$916,427","$5,622,976","$5,728,605","$8,401","$406,390",,"$1,242,993","$625,090","$191,694","$162,848","$539,975","$2,557,494","$3,899,454","$66,269","$33,279","$156,135","$52,717","$399,694","$286,912","$274,245","$308,777","$711,485","$7,728,730",,"$3,621,580","$1,286,553",,"$94,492","$1,328,842","$75,215","$25,663","$84,240","$121,028","$1,695,699","$643,510","$3,258,186","$1,828,799","$240,017","$702,867","$6,686,623","$50,784","$729,241","$480,454","$31,042","$1,301,104","$245,759","$7,721,590","$1,818,438","$1,096,413","$367,891","$214,365","$252,832","$412,026","$985,755","$1,288,692","$19,583,096","$495,820","$1,223,243","$199,665"
4998772,,Bedeviled (2016),"$75,387",,,,,,"$37,585",,,,,,,,,,,,,,,,,,,,,,,,,,,,,,,,,,,,,,,,,,,,,,,,"$4,549",,,,,,,,,,,,,,,,,,,,,,,,"$13,686",,
3758708,,The Hippopotamus (2017),,,,,,,,,,,,,,,,,,,,,,,,,,,,,,,,,,,,,,,,,,,,,,,,"$50,850",,,,,,,,,,,,,,"$120,102",,,,,,,,,,,,,,,,,,,
2255934,,Aiyyaa (2012),,,,,,,,,,,,,,,,,,,,,,,,,,,,,,,,,,,,,,,,,,,,,,,,"$9,036",,,,,,,,,,,,,,,,,,,,,,,,,,,,,,,,,
5362988,,Wind River (2017),"$196,058",,"$651,268",,,"$302,563",,,"$35,718",,,"$52,513",,,,"$278,478",,"$33,800,859",,,,,,"$2,212,691",,,"$312,697",,,"$137,465",,,,,"$1,398,487",,,,,,,,"$30,233",,"$244,323",,"$668,890","$182,839",,,"$198,843",,,,"$4,423",,,,"$102,192",,,"$746,182",,,"$88,658","$22,071","$79,808","$48,541",,,,,"$39,855",,,"$38,224","$677,071","$1,622,497","$29,235",,
5540188,,The Nile Hilton Incident (2017),"$60,184",,,,,,,,"$2,528",,,,,"$2,181",,,,,,,,,,"$3,400,276",,,"$61,921",,,,"$2,219",,,,,,,,,,,,,,,,"$60,597",,,,,,,,,,,,,,,,,,,,,,"$284,042",,,,,,,,,"$11,179","$13,320",,
4633690,,Shot Caller (2017),,,"$5,882",,,,,,,,,,,,,,,,,,,,,,,,,,,,,,,,,,,,,,,,,,,,,,,,,,,,,,,,,,,"$225,304",,,,,,"$16,046",,,,,,,,,,,,,
5029602,,Brice 3 (2016),,,,,,,,,,,,,,,,,,,,,,,,,,,,,,,,,,,,,,,,,,,,,,,,,,,,,,,,,,,,,,"$7,897",,,,,,,,,,,,,,,,,,,
3080844,,Almost Holy (2015),,,,,,,,,,,,,,,,,,,,,,,,,,,,,,,,,,,,,,,,,,,,,,,,,,,,,,,,,,,,,,,,,,,,,,,,,,,,,,"$2,815",,,
5954304,,The Dragon Spell (2016),,,,,,,,,,,,,,,,,,,,,,,,,,,,,,,,,,,,,,,,,,,,,,,,,,,,,,,,,,,,,,,,,,,,"$510,853",,,,,,,,,,,,,
0171408,,July Rain (1967),,,,,,,,,,,,,,,,,,,,,,,,,,,,,,,,,,,,,,,,,,,,,,,,,,,,,,,,,,,"$1,461",,,"$45,072",,,,,,,,,,,,,,,,,,,
5322012,,Wish Upon (2017),"$215,718",,,,,,"$102,174","$989,837",,,,"$385,122",,,,,,,,,,,"$95,816","$2,336,094","$432,669",,"$115,982",,,,"$16,554",,,,"$309,340",,,,,,,,,,"$1,361,317",,"$409,309",,,,,,,,"$40,557",,,,,,,"$658,226",,,,,"$22,026","$385,757","$833,204",,,,"$77,754",,,"$19,752","$297,862","$50,730","$11,281",,
3564472,,Girls Trip (2017),,,"$3,868,970","$223,638",,,,,,,,,,,,,,,,"$191,945",,,,"$1,183,974","$967,365",,,,,,,,,,"$87,223",,,,,,,,,,,,"$1,838,766","$389,133",,,,,,,,"$108,917","$3,244",,,,"$217,227",,,"$32,375",,,"$1,546,796",,"$40,855","$581,777","$571,368","$222,958","$4,916","$905,917",,,,"$11,711,797",,,
5390504,,Detroit (2017),"$17,960",,"$175,876",,,,,,,,,"$18,746",,,,,,,,,,,,"$2,380,815",,,"$43,599",,,,,,,,"$205,062",,,,,,,,,,,,"$258,182","$20,837",,,,,,,,,,,"$32,332",,,,,,,,"$26,257","$173,203","$70,582",,,,,,,,"$126,561","$3,014,949",,,
5990474,,Columbus (2017),,,,,,,,,,,,,,,,,,,,,,,,,,,,,,,,,,,,,,,,,,,,,,,,,,,,,,,,,,,"$13,824",,,,,,,,,"$55,475",,,,,,,,,,"$6,671",,,
6367558,,Double Lover (2017),"$32,557",,,,,,,"$43,733","$10,360",,,,,"$5,695",,"$17,490",,,,,,,,"$2,967,457",,,"$18,213",,,"$31,209",,,,,"$59,248",,,,,,,,"$19,906",,"$97,163",,"$307,426","$21,597",,,,,,,"$1,868",,,"$160,916","$6,978",,"$18,975","$401,756",,,"$7,717","$3,837",,"$82,448","$349,726",,,,,,"$33,952","$54,666",,"$79,462","$6,641",,
0479751,,Sivaji (2007),,,,,,,,,,,,,,,,,,,,,,,,,,,,,,,,,,,,,,,,,,,,"$2,435,416",,,,,,,,,,,,,,,,,,,,,,,,,,,,,,,,,,,,,
5884234,,First Kill (2017),"$61,024",,,,,,,,,,,,,,,,,,,,,,,,,,,,,,,,,,,,,,,,,,,,,,,,,,,,,,"$9,070",,,,,,,,,,,,,,,,,,,,,,,,"$13,040",,
5144348,,Burden (2016),,,,,,,,,,,,,,,,,,,,,,,,,,,,,,,,,,,,,,,,,,,,,,,,,,,,,,,,,,,,,,,,,,,,,,,,,,,,,,"$1,997",,,
2121382,,Force Majeure (2014),"$25,994",,"$43,766","$44,763",,"$59,434",,$315,,,,,,,,,,,,,,"$53,058","$122,080","$622,896",$222,,"$109,002",,"$49,802","$16,038",,,,,"$216,209",,,,,,,,,,,,"$279,261","$102,529",,,,,,,,,,,,,$104,,,,"$1,572",,,,"$216,555",,,,,,,,,"$761,992","$9,250",,
4531694,,Pattaya (2016),,,,,,,,,,,,,,,,,,,,,,,,,,,,,,,,,,,,,,,,,,,,,,,,,,,,,,,,,,,,,,"$96,923",,,,,,,,,,,,,,,,,,,
1843880,,Code Blue (2011),,,,,,,,,,,,,,,,,,,,,,,,,,,,,,,,,,,,,,,,,,,,,,,,,,,,,,,,"$9,612",,,,,,,,,,,,,,,,,,,,,,,,,
0420318,,Wesele (2004),,,,"$3,323",,,,,$679,,,,,,,,,,,,,,,,"$3,042",,,,,,,,,,,,,,,,,,,,,,,,,,,,,,,,,"$693,911",,,,,,,,,,,,,,,,,,,,,,,
2194497,,Coming Home (2012),,,,,,,,"$21,433",,,,,,,,,,,,,,,,,,,,,,,,,,,,,,,,,,,,,,,,,,,,,,,,,,,,,,,,,,,,,,,,,,,,,,,,,
0794399,,We're All Christs (2006),,,,,,,,,,,,,,,,,,,,,,,,,,,,,,,,,,,,,,,,,,,,,,,,,,,,,,,,,,"$863,107",,,,,,,,,,,,,,,,,,,,$535,,,
3655972,,The Olive Tree (2016),,,,,,,,,,,,"$25,655",,,,,,,,,,,,,,,,,,,,,,,,,,,,,,,,,,,,"$52,913",,,,,,,,,,,,,,,,,,,,,,,,,,,,,,,,,
5609734,,Bye Bye Germany (2017),,,,,,,,,,,,,,,,,,,,,,,,,,,,,,,,,,,,,,,,,,,,,,,,,,,,,,,,,,,,,,"$9,364",,,,,,,"$93,839",,,,,,,,,,,,
5804948,,With Open Arms (2017),,,,,,,,,,,,,,,,"$79,017",,,,,,,,"$7,865,057",,,"$320,321",,,"$15,924",,,,,"$225,224",,,,,,,,"$23,985",,,,"$50,638",,,,,,,,,,,"$92,234","$488,564",,,"$153,183",,,"$57,323",,,,"$190,384",,,,,,,,,,,,
2441982,,The Visitors: Bastille Day (2016),,,,,,,,,,,,,,,,,,,,,,,,,,,,,,,,,,,,,,,,,,,,,,,,,,,,,,,,,,,,,,"$288,594",,,,,,,,,,,,,,,,,,,
0478737,,Treasure Raiders (2007),,,,,,,,,,,,,,,,,,,,,,,,,,,,,,,,,,,,,,,,,,,,,,,,,,,,,,,,,,,,,,"$846,114",,,,,,,,,,,,,,,,,,,
5502766,,Phillauri (2017),,,,,,,,,,,,,,,,,,,,,,,,,,,,,,,,"$4,821,257",,,,,,,,,,,,,,,,"$44,992",,,,,,,,,,,,,,,,,,,,,,,,,,,,,"$354,422","$116,763",,,
0477340,,Dead Daughters (2007),,,,,,,,,,,,,,,,,,,,,,,,,,,,,,,,,,,,,,,,,,,,,,,,,,,,,,,,,,,,,,"$1,414,961",,,,,,,,,,,,,,,,,,,
1002760,,Two in One (2007),,,,,,,,,,,,,,,,,,,,,,,,,,,,,,,,,,,,,,,,,,,,,,,,,,,,,,,,,,,,,,"$76,506",,,,,,,,,,,,,,,,,,,
2147597,,Z'olushka (2012),,,,,,,,,,,,,,,,,,,,,,,,,,,,,,,,,,,,,,,,,,,,,,,,,,,,,,,,,,,,,,"$5,169,134",,,,,,,,,,,,,,,,,,,
2258565,,Samoubiytsy (2012),,,,,,,,,,,,,,,,,,,,,,,,,,,,,,,,,,,,,,,,,,,,,,,,,,,,,,,,,,,,,,"$1,963,987",,,,,,,,,,,,,,,,,,,
0933361,,Dikari (2006),,,,,,,,,,,,,,,,,,,,,,,,,,,,,,,,,,,,,,,,,,,,,,,,,,,,,,,,,,,,,,"$1,328,612",,,,,,,,,,,,,,,,,,,
1186656,,Kacheli (2008),,,,,,,,,,,,,,,,,,,,,,,,,,,,,,,,,,,,,,,,,,,,,,,,,,,,,,,,,,,,,,"$750,665",,,,,,,,,,,,,,,,,,,
1110037,,Antidur (2007),,,,,,,,,,,,,,,,,,,,,,,,,,,,,,,,,,,,,,,,,,,,,,,,,,,,,,,,,,,,,,"$1,412,587",,,,,,,,,,,,,,,,,,,
1489253,,The Phobos (2010),,,,,,,,,,,,,,,,,,,,,,,,,,,,,,,,,,,,,,,,,,,,,,,,,,,,,,,,,,,,,,"$585,388",,,,,,,,,,,,,,,,,,,
5690142,,Mom (2017),,,"$61,322",,,,,,,,"$16,082,564",,,,,,,,,,,,,,,,,,,,,"$4,364,134",,,,,,,,,,,,,,,,"$21,777",,,"$6,728",,,,,,,,,,,,,,,,,,,,,,,,,,,"$105,874",,,
